Sk Health Ltd,sk@mailinator.com
Probus Surgery Limited,probus@mailinator.com
Express Diagnostics,express@mailinator.com
Isight,isight@mailinator.com
Sutton Medical Consulting Centre,sutton@mailinator.com
Virgin Care Services Ltd,virgin@mailinator.com
First Community Health and Care Cic,first@mailinator.com
Psicon Limited,psicon@mailinator.com
Huddersfield Medical Services Ltd,huddersfield@mailinator.com
Locala Community Partnerships,locala@mailinator.com
North Somerset Community Partnership Community Interest Company,north@mailinator.com
Bristol Community Health,bristol@mailinator.com
Connect Health,connect@mailinator.com
Cygnet Health Care Limited,cygnet@mailinator.com
Hospital Of St John and St Elizabeth,hospital@mailinator.com
Peninsula Health Llp,peninsula@mailinator.com
Bridgewater Hospital (Manchester) Ltd,bridgewater@mailinator.com
Making Space,making@mailinator.com
The Charlotte Straker Hospital Project Trust,the@mailinator.com
Partnerships In Care Ltd,partnerships@mailinator.com
Abbey Sefton Hospital (University Hospital Aintree),abbey@mailinator.com
First Trust Hospital,first@mailinator.com
Tyneside Surgical Services Ltd,tyneside@mailinator.com
All Hallows Hospital,all@mailinator.com
City Health Care Partnership Cic,city@mailinator.com
Optegra UK,optegra@mailinator.com
Your Healthcare,your@mailinator.com
Navas,navas@mailinator.com
Healthcare Location,healthcare@mailinator.com
The Retreat Hospital,the@mailinator.com
The Industrial Diagnostics Company [HQ],the@mailinator.com
Spamedica,spamedica@mailinator.com
Milton Keynes Urgent Care Services Cic HQ,milton@mailinator.com
South Norfolk Healthcare Cic,south@mailinator.com
Esteve Teijin,esteve@mailinator.com
Urgent Care 24,urgent@mailinator.com
About Health,about@mailinator.com
Hillingdon Health Limited,hillingdon@mailinator.com
Gryphon Health Llp,gryphon@mailinator.com
Anglian Community Enterprise Community Interest Company (ACE CIC),anglian@mailinator.com
Sudbury Healthcare Partnership Limited,sudbury@mailinator.com
North East Orthopaedic and Sports Injury Surgery Ltd,north@mailinator.com
Brook Young People,brook@mailinator.com
Exeter Medical Ltd,exeter@mailinator.com
Medway Community Healthcare,medway@mailinator.com
Brookdale Healthcare Ltd (T/A Brookdale Care),brookdale@mailinator.com
Provide,provide@mailinator.com
Central London Osteopathy,central@mailinator.com
Novus Health Ltd,novus@mailinator.com
Orthopaedics and Spine Specialist Hospital,orthopaedics@mailinator.com
King's College Hospital,kch@mailinator.com
Guy's Hospital,guys@mailinator.com
St. Thomas' Hospital,tommies@mailinator.com
The Gardens Surgery,gardens@mailinator.com
